<application>
  <component name="FileTypeManager" version="18">
    <ignoreFiles list="*$py.class;*.pyc;*.pyo;*.rbc;*.yarb;*~;.DS_Store;.git;.hg;.svn;CVS;__pycache__;_svn;vssver.scc;vssver2.scc" />
    <extensionMap>
      <mapping pattern="test_distribute_revenue.py" type="AUTO_DETECTED" />
      <mapping pattern="test_make_payment_request_to_bank_transfer.py" type="AUTO_DETECTED" />
      <mapping pattern="Dockertemplate" type="AUTO_DETECTED" />
      <mapping pattern="Dockerfile" type="AUTO_DETECTED" />
      <mapping pattern="id_ed25519_score_mapper_1" type="AUTO_DETECTED" />
      <mapping pattern=".dockerignore" type="PLAIN_TEXT" />
      <mapping ext="csv" type="PLAIN_TEXT" />
      <mapping ext="conf" type="PLAIN_TEXT" />
      <mapping ext="pem" type="PLAIN_TEXT" />
      <mapping ext="centos" type="PLAIN_TEXT" />
      <mapping ext="template" type="PLAIN_TEXT" />
      <mapping ext="key" type="PLAIN_TEXT" />
      <mapping ext="config" type="PLAIN_TEXT" />
      <mapping ext="ubuntu" type="PLAIN_TEXT" />
      <mapping ext="alpine" type="PLAIN_TEXT" />
      <removed_mapping ext="csv" approved="true" type="CSV file" />
      <removed_mapping pattern=".dockerignore" approved="true" type="DockerIgnore file" />
      <removed_mapping pattern="Dockerfile" approved="true" type="Dockerfile" />
    </extensionMap>
  </component>
</application>