<application>
  <component name="FindSettings">
    <option name="customScope" value="All Places" />
    <option name="defaultScopeName" value="All Places" />
    <option name="localCaseSensitive" value="true" />
    <option name="LOCAL_CASE_SENSITIVE_SEARCH" value="true" />
    <option name="SEARCH_SCOPE" value="All Places" />
    <option name="FILE_MASK" value="*.*" />
    <mask>*.css</mask>
    <mask>*.xml</mask>
    <mask>*.pyw</mask>
    <mask>*.pyt</mask>
    <mask>*.js</mask>
    <mask>*.JS</mask>
    <mask>*.html</mask>
    <mask>*.py</mask>
    <mask>*.sol</mask>
    <mask>*.*</mask>
  </component>
</application>