<profile version="1.0">
  <option name="myName" value="Default" />
  <inspection_tool class="PyPackageRequirementsInspection" enabled="true" level="WARNING" enabled_by_default="true">
    <option name="ignoredPackages">
      <value>
        <list size="3">
          <item index="0" class="java.lang.String" itemvalue="Django" />
          <item index="1" class="java.lang.String" itemvalue="pydantic" />
          <item index="2" class="java.lang.String" itemvalue="sentry-sdk" />
        </list>
      </value>
    </option>
  </inspection_tool>
  <inspection_tool class="PyPep8Inspection" enabled="true" level="WARNING" enabled_by_default="true" />
  <inspection_tool class="PyPep8NamingInspection" enabled="true" level="WARNING" enabled_by_default="true" />
</profile>