<application>
  <component name="FindSettings">
    <option name="caseSensitive" value="true" />
    <option name="customScope" value="All Places" />
    <option name="defaultScopeName" value="All Places" />
    <option name="CASE_SENSITIVE_SEARCH" value="true" />
    <option name="SEARCH_SCOPE" value="All Places" />
    <option name="FILE_MASK" value="*py" />
    <recentFileMasks>
      <mask>*.hmtl</mask>
      <mask>*.pyt</mask>
      <mask>*.hmt</mask>
      <mask>*.hm</mask>
      <mask>*.t</mask>
      <mask>*.py`</mask>
      <mask>*.js=</mask>
      <mask>&amp;</mask>
      <mask>*.*art</mask>
      <mask>*.*ar</mask>
      <mask>*.*a</mask>
      <mask>*.pORIGIN</mask>
      <mask>*.py</mask>
      <mask>*.p</mask>
      <mask>*.c</mask>
      <mask>*.cs</mask>
      <mask>*.css</mask>
      <mask>*.scss</mask>
      <mask>*.*</mask>
      <mask>*.htm</mask>
      <mask>*.ht</mask>
      <mask>*.h</mask>
      <mask>*.ja</mask>
      <mask>*.j</mask>
      <mask>*.js</mask>
      <mask>*.html</mask>
      <mask>*.y</mask>
      <mask>*.</mask>
      <mask>*</mask>
      <mask>*py</mask>
    </recentFileMasks>
  </component>
</application>